MovieId,Cluster
1,5
2,4
3,7
4,1
5,7
6,4
7,7
8,1
9,1
10,4
11,7
12,1
13,1
14,7
15,1
16,4
17,7
18,7
19,6
20,1
21,4
22,7
23,1
24,7
25,4
26,1
27,1
28,1
29,7
30,1
31,7
32,5
34,4
35,1
36,4
38,1
39,4
40,1
41,7
42,1
43,1
44,7
45,7
46,1
47,5
48,7
50,5
52,7
54,1
55,1
57,1
58,7
60,7
61,1
62,7
63,1
64,1
65,1
66,1
68,1
69,7
70,4
71,1
72,1
73,1
74,1
75,1
76,1
78,1
79,1
80,1
81,1
82,1
83,1
85,1
86,1
87,1
88,1
89,1
92,1
93,1
94,1
95,7
96,1
97,1
99,1
100,1
101,7
102,1
103,1
104,4
105,7
107,1
110,5
111,5
112,7
113,1
116,1
117,1
118,1
121,1
122,1
123,1
124,1
125,7
126,1
132,1
135,1
140,1
141,4
144,7
145,6
146,1
147,7
148,1
149,1
150,5
151,7
152,1
153,4
154,1
155,1
156,1
157,1
158,7
159,1
160,7
161,4
162,7
163,4
164,7
165,4
166,1
168,7
169,1
170,7
171,1
172,7
173,7
174,1
175,7
176,1
177,1
178,1
179,1
180,7
181,1
182,1
183,1
184,1
185,7
186,7
187,1
188,1
189,1
190,1
191,1
193,1
194,7
195,1
196,7
198,7
199,1
200,1
201,1
202,1
203,1
204,1
205,1
206,1
207,1
208,4
209,1
210,1
211,1
212,1
213,1
214,1
215,7
216,7
217,1
218,1
219,1
220,1
222,7
223,4
224,7
225,7
227,1
228,1
229,1
230,7
231,4
232,7
233,1
234,1
235,4
236,7
237,1
238,1
239,1
240,1
241,1
242,1
243,1
244,1
246,7
247,7
248,1
249,7
250,1
251,1
252,7
253,4
254,1
255,1
256,7
257,1
258,1
259,1
260,5
261,7
262,1
263,1
265,7
266,7
267,1
268,1
269,1
270,1
271,1
272,7
273,7
274,1
275,1
276,1
277,7
278,1
279,1
280,7
281,1
282,7
287,1
288,4
289,1
290,7
292,4
293,5
294,1
295,1
296,5
299,1
300,7
301,1
302,1
303,7
304,1
305,1
306,7
307,7
308,7
309,1
312,1
313,1
314,7
315,1
316,4
317,7
318,5
319,7
320,1
321,1
322,7
324,1
325,1
326,1
327,7
328,1
329,4
330,1
331,1
332,1
333,7
334,1
335,1
337,4
338,1
339,7
340,1
341,1
342,7
343,1
344,4
345,7
346,1
347,1
348,7
349,4
350,7
351,1
352,1
353,4
354,1
355,7
356,5
357,4
358,1
360,1
361,7
362,1
363,1
364,2
365,1
366,1
367,4
368,4
369,1
370,7
371,1
372,7
373,7
374,1
376,7
377,4
378,1
379,7
380,4
381,1
382,7
383,7
384,1
386,1
387,1
388,1
390,1
391,1
393,1
405,1
407,1
408,1
409,1
410,7
412,7
413,7
414,1
415,1
416,1
417,1
418,1
419,1
420,7
421,1
422,1
423,1
424,1
425,1
426,1
427,1
428,7
429,1
431,7
432,7
433,1
434,7
435,7
436,1
437,1
438,1
440,4
441,7
442,4
443,1
444,1
445,1
446,1
448,7
449,1
450,1
451,1
452,1
453,1
454,4
455,7
456,1
457,5
458,1
459,1
460,1
461,1
463,1
464,1
465,1
466,7
467,1
468,7
469,1
470,1
471,7
472,1
473,1
474,4
475,7
477,1
479,1
480,5
481,7
482,1
483,1
484,1
485,7
486,1
487,1
488,1
489,1
490,1
491,7
492,7
493,7
494,7
495,1
496,1
497,7
498,1
499,1
500,4
501,1
502,1
504,1
505,1
506,1
507,7
508,4
509,7
510,1
511,1
512,1
513,1
514,7
515,7
516,1
517,7
518,1
519,1
520,6
521,1
522,1
523,1
524,7
527,5
528,1
529,7
531,7
532,7
533,1
534,7
535,7
536,1
537,1
538,7
539,4
540,1
541,5
542,1
543,7
544,1
546,1
547,1
548,1
549,1
550,1
551,4
552,7
553,7
554,1
555,4
556,1
558,1
562,7
563,1
564,1
565,1
567,1
568,1
569,1
574,1
575,1
577,1
580,1
581,1
585,7
586,4
587,4
588,4
589,5
590,4
592,4
593,5
594,4
595,4
596,7
597,4
599,7
600,1
602,1
603,1
605,1
606,1
608,5
609,1
610,7
611,1
612,1
613,1
615,1
616,7
617,1
618,1
619,1
621,1
626,1
627,1
628,7
631,1
632,1
633,1
634,1
635,1
637,1
638,1
639,1
640,1
645,1
647,7
648,4
650,1
653,7
656,1
659,1
661,7
662,1
663,1
664,1
665,1
667,1
668,1
670,1
671,7
673,6
674,7
678,1
680,1
681,1
685,1
688,1
691,1
692,1
694,1
695,1
697,1
700,1
702,1
703,1
704,1
705,1
707,1
708,7
709,1
710,1
711,1
714,7
715,1
716,1
718,1
719,7
720,7
722,1
724,7
725,1
726,1
728,1
731,1
733,4
735,1
736,4
737,1
741,6
742,1
743,1
745,7
746,1
747,1
748,7
750,5
753,1
754,1
757,1
759,1
760,1
761,1
762,7
764,1
765,1
766,1
767,1
778,5
779,1
780,5
781,1
782,1
783,7
784,6
785,7
786,7
788,4
798,1
799,7
800,7
801,1
802,7
803,1
804,1
805,7
806,1
808,1
809,1
810,1
813,1
818,1
824,1
828,1
829,1
830,7
832,4
833,1
835,1
836,1
837,7
838,7
839,1
840,1
841,1
842,1
846,1
848,1
849,7
851,1
852,7
858,5
860,1
861,1
862,1
866,7
867,1
869,1
870,1
875,1
876,1
879,1
880,1
881,1
882,1
885,1
886,1
891,1
892,1
893,1
896,1
897,1
898,7
899,7
900,7
901,1
902,7
903,4
904,4
905,7
906,1
907,1
908,4
909,7
910,4
911,7
912,4
913,4
914,7
915,7
916,7
917,1
918,1
919,4
920,4
921,7
922,7
923,4
924,5
926,7
927,1
928,7
929,1
930,7
931,7
932,1
933,7
934,7
935,1
936,1
937,1
938,1
940,7
941,1
942,7
943,1
944,1
945,1
946,1
947,1
948,1
949,7
950,7
951,7
952,1
953,4
954,7
955,7
956,1
959,1
963,1
964,1
965,7
968,7
969,7
970,1
971,7
973,1
976,1
982,1
986,1
988,1
990,1
991,1
994,7
996,1
998,1
999,1
1003,1
1004,1
1005,1
1006,1
1007,1
1008,1
1009,1
1010,1
1011,1
1012,7
1013,7
1014,1
1015,1
1016,1
1017,7
1018,1
1019,7
1020,7
1021,1
1022,7
1023,1
1024,1
1025,7
1027,7
1028,4
1029,7
1030,7
1031,7
1032,7
1033,7
1034,1
1035,4
1036,5
1037,7
1041,7
1042,7
1043,1
1044,1
1046,1
1047,7
1049,7
1050,1
1051,1
1054,1
1055,1
1056,1
1057,7
1059,7
1060,7
1061,7
1066,1
1068,1
1069,1
1073,4
1076,1
1077,7
1078,7
1079,4
1080,4
1081,7
1082,1
1083,1
1084,7
1085,1
1086,7
1088,7
1089,5
1090,4
1091,7
1092,4
1093,7
1094,7
1095,7
1096,7
1097,5
1099,1
1100,7
1101,4
1103,7
1104,7
1105,1
1111,1
1112,1
1113,1
1114,1
1120,7
1124,7
1125,7
1126,1
1127,4
1128,1
1129,7
1130,1
1131,7
1132,7
1135,7
1136,5
1147,7
1148,4
1150,1
1151,1
1161,1
1162,1
1167,1
1169,1
1171,7
1172,7
1173,7
1175,7
1176,1
1177,1
1178,7
1179,7
1180,1
1183,4
1184,1
1185,7
1186,7
1187,1
1188,7
1189,7
1190,1
1191,1
1192,1
1193,5
1194,1
1196,5
1197,5
1198,5
1199,4
1200,5
1201,4
1202,1
1203,4
1204,4
1206,5
1207,4
1208,5
1209,7
1210,5
1211,7
1212,7
1213,5
1214,5
1215,4
1216,1
1217,7
1218,7
1219,4
1220,4
1221,5
1222,5
1223,7
1224,7
1225,4
1226,1
1227,7
1228,4
1230,4
1231,7
1232,3
1233,4
1234,4
1235,7
1236,1
1237,7
1238,7
1240,5
1241,1
1242,4
1243,7
1244,7
1245,7
1246,4
1247,4
1248,7
1249,7
1250,4
1251,7
1252,4
1253,7
1254,7
1255,1
1256,7
1257,7
1258,5
1259,4
1260,7
1261,7
1262,4
1263,4
1264,1
1265,5
1266,4
1267,7
1268,7
1269,7
1270,5
1271,7
1272,7
1273,7
1274,6
1275,4
1276,4
1277,7
1278,4
1279,1
1280,7
1281,7
1282,4
1283,7
1284,7
1285,7
1286,1
1287,7
1288,4
1289,7
1290,1
1291,5
1292,7
1293,7
1295,7
1296,7
1297,7
1298,7
1299,7
1300,7
1301,7
1302,4
1303,7
1304,4
1305,7
1306,1
1307,4
1310,1
1312,1
1317,1
1320,4
1321,7
1323,1
1326,1
1327,1
1329,1
1330,1
1331,1
1332,1
1333,4
1334,1
1336,1
1337,1
1339,7
1340,7
1341,1
1342,7
1343,7
1344,7
1345,7
1346,1
1347,7
1348,7
1350,7
1351,1
1352,1
1353,1
1354,7
1355,1
1356,4
1357,7
1358,4
1359,1
1361,1
1363,1
1365,1
1366,1
1367,7
1370,4
1371,7
1372,7
1373,7
1374,4
1375,7
1376,4
1377,4
1378,7
1379,1
1380,4
1381,1
1382,1
1385,7
1387,4
1388,7
1389,1
1390,1
1391,4
1392,1
1393,4
1394,4
1395,1
1396,4
1397,1
1398,1
1399,1
1401,1
1404,1
1405,7
1406,1
1407,4
1408,4
1409,7
1410,1
1411,7
1413,1
1414,1
1416,1
1417,1
1419,1
1422,1
1425,1
1427,1
1428,1
1429,1
1431,1
1432,1
1437,1
1438,7
1439,1
1440,1
1441,7
1442,1
1445,1
1446,1
1447,1
1449,7
1450,1
1453,1
1454,1
1456,1
1457,1
1459,7
1460,1
1461,1
1463,1
1464,7
1465,1
1466,4
1468,1
1472,1
1474,1
1475,1
1476,7
1477,1
1479,7
1480,1
1482,1
1483,1
1484,1
1485,4
1487,1
1488,7
1489,1
1490,1
1495,1
1496,1
1497,1
1498,1
1499,7
1500,4
1503,1
1507,1
1513,7
1515,1
1516,1
1517,4
1518,7
1523,1
1525,1
1526,1
1527,5
1529,1
1533,1
1535,1
1537,7
1539,1
1541,1
1542,1
1544,4
1545,1
1546,1
1550,1
1551,1
1552,4
1554,1
1556,1
1562,7
1566,3
1569,7
1570,1
1571,1
1572,1
1573,4
1580,5
1581,1
1582,1
1584,4
1586,7
1587,7
1588,1
1589,7
1590,7
1591,7
1592,1
1593,1
1594,7
1595,1
1596,1
1597,7
1598,1
1599,1
1600,1
1601,1
1602,1
1603,7
1604,1
1605,1
1606,1
1608,4
1609,1
1610,4
1611,7
1612,1
1614,7
1615,1
1616,7
1617,5
1619,7
1620,7
1621,1
1623,1
1624,1
1625,4
1626,1
1627,1
1629,1
1631,1
1633,1
1635,7
1639,4
1640,1
1641,4
1642,1
1643,1
1644,7
1645,4
1646,1
1647,1
1648,1
1649,1
1650,1
1653,4
1654,1
1655,1
1658,1
1660,1
1661,1
1663,7
1665,1
1667,1
1668,1
1669,1
1670,1
1672,7
1673,4
1674,4
1676,4
1678,7
1680,7
1681,1
1682,5
1683,1
1684,1
1686,1
1687,7
1688,3
1689,1
1690,7
1693,7
1694,7
1699,1
1701,7
1702,3
1703,1
1704,5
1707,1
1711,7
1713,1
1717,7
1719,7
1721,2
1722,4
1726,1
1727,1
1729,4
1730,1
1731,1
1732,5
1733,1
1734,1
1735,1
1739,1
1744,1
1746,1
1747,7
1748,4
1750,1
1752,1
1753,1
1754,7
1755,1
1756,1
1757,1
1759,1
1760,1
1762,1
1769,1
1771,1
1772,1
1777,4
1779,7
1783,1
1784,4
1785,1
1788,1
1791,1
1792,7
1794,1
1797,1
1798,1
1799,1
1801,7
1804,1
1805,7
1806,1
1809,1
1810,7
1816,1
1821,1
1824,1
1826,1
1827,1
1831,7
1833,1
1834,7
1835,7
1836,1
1837,1
1839,1
1840,1
1841,1
1844,1
1845,7
1846,1
1848,1
1854,1
1855,1
1856,1
1858,1
1859,1
1860,1
1862,1
1863,1
1865,1
1866,1
1869,1
1870,1
1873,1
1875,1
1876,7
1880,1
1881,1
1882,7
1883,7
1884,6
1885,7
1887,1
1888,1
1889,1
1892,7
1894,7
1895,1
1897,1
1900,1
1904,1
1907,6
1909,7
1910,1
1911,7
1912,7
1913,1
1914,1
1916,7
1917,4
1918,7
1919,1
1920,7
1921,6
1923,4
1924,1
1925,1
1927,7
1929,1
1931,1
1932,1
1934,1
1935,1
1936,1
1937,1
1938,1
1939,1
1940,1
1941,1
1942,1
1943,1
1944,7
1945,7
1946,1
1947,7
1948,1
1949,1
1950,7
1951,1
1952,7
1953,7
1954,4
1955,7
1956,7
1957,7
1958,7
1959,7
1960,7
1961,4
1962,7
1963,7
1964,7
1965,7
1966,1
1967,7
1968,4
1969,1
1970,1
1971,1
1972,1
1973,1
1974,7
1975,1
1976,1
1977,1
1978,1
1979,1
1980,1
1981,1
1982,7
1983,1
1984,1
1985,1
1986,1
1987,1
1988,1
1991,1
1992,1
1993,1
1994,4
1995,1
1996,1
1997,4
1998,1
1999,1
2000,4
2001,4
2002,7
2003,4
2004,7
2005,4
2006,4
2007,1
2009,7
2010,7
2011,4
2012,4
2013,7
2014,1
2015,1
2016,1
2017,1
2018,7
2019,4
2020,7
2021,7
2022,7
2023,7
2024,1
2025,1
2026,1
2027,1
2028,5
2029,1
2033,1
2034,1
2035,1
2036,1
2037,1
2038,1
2040,1
2041,1
2042,1
2043,1
2045,1
2046,7
2048,1
2050,1
2051,1
2052,1
2053,1
2054,4
2057,1
2058,7
2059,3
2060,1
2062,1
2064,7
2065,7
2066,1
2067,7
2068,1
2069,1
2070,1
2071,1
2072,7
2073,1
2074,1
2075,1
2076,7
2077,1
2078,7
2080,7
2081,4
2082,7
2083,7
2084,1
2085,7
2087,7
2088,7
2089,1
2090,7
2091,1
2093,1
2094,7
2095,1
2096,7
2097,1
2098,1
2099,1
2100,7
2102,1
2104,1
2105,7
2106,1
2107,1
2108,7
2109,7
2110,7
2111,7
2112,7
2113,1
2114,7
2115,4
2116,7
2117,7
2118,7
2119,1
2120,1
2121,1
2122,1
2123,1
2124,7
2125,7
2126,7
2130,1
2131,1
2132,7
2133,7
2134,7
2135,1
2136,1
2137,7
2138,7
2139,7
2140,7
2141,7
2142,1
2143,7
2144,7
2145,7
2146,7
2147,1
2148,1
2149,1
2150,7
2151,1
2152,1
2153,1
2154,1
2155,1
2159,1
2160,7
2161,4
2162,1
2163,1
2165,1
2166,1
2167,6
2168,1
2169,1
2170,1
2171,1
2173,1
2174,4
2176,7
2177,1
2178,1
2179,1
2180,1
2181,1
2182,1
2183,7
2184,1
2185,1
2186,7
2187,1
2188,1
2190,1
2193,7
2194,4
2195,1
2196,1
2202,1
2203,7
2204,1
2205,1
2206,1
2208,7
2210,1
2212,1
2227,1
2231,7
2232,6
2236,1
2237,1
2238,1
2239,1
2240,1
2241,1
2243,7
2245,7
2247,1
2248,7
2249,1
2250,1
2252,1
2253,7
2255,1
2259,1
2261,1
2262,1
2263,1
2264,1
2265,1
2266,1
2267,1
2268,4
2269,1
2271,1
2272,1
2273,6
2275,1
2276,1
2278,4
2279,1
2280,1
2282,1
2283,1
2284,1
2285,1
2287,1
2288,4
2289,7
2290,1
2291,4
2294,6
2295,1
2296,1
2297,7
2300,7
2301,7
2302,4
2303,7
2306,1
2310,1
2311,7
2312,7
2313,7
2314,1
2315,1
2316,1
2318,7
2320,1
2321,4
2322,1
2324,4
2325,1
2327,1
2328,1
2329,2
2330,1
2331,1
2333,7
2334,7
2335,7
2336,7
2337,1
2338,1
2339,1
2340,7
2344,1
2346,1
2347,1
2348,7
2349,1
2351,1
2352,7
2353,4
2354,1
2355,4
2356,1
2357,1
2359,7
2360,1
2361,1
2362,1
2363,1
2364,1
2365,1
2366,7
2367,1
2368,1
2369,7
2370,1
2371,7
2372,1
2373,1
2374,1
2375,7
2376,7
2377,1
2378,7
2379,1
2380,1
2381,1
2382,1
2383,1
2384,7
2385,1
2386,1
2387,1
2389,1
2390,1
2391,7
2392,1
2393,7
2394,7
2395,4
2396,4
2398,7
2399,1
2400,1
2401,7
2402,7
2403,6
2404,1
2405,7
2406,4
2407,7
2408,1
2409,7
2410,7
2411,7
2412,1
2413,7
2414,7
2416,7
2417,1
2418,1
2419,1
2420,4
2421,7
2422,1
2423,7
2424,6
2425,1
2427,7
2428,7
2429,1
2430,1
2431,7
2432,1
2433,7
2435,1
2436,1
2437,1
2439,1
2440,1
2442,1
2443,1
2445,1
2446,1
2447,1
2448,1
2449,1
2450,1
2451,1
2453,1
2454,7
2455,4
2456,1
2457,1
2458,1
2459,7
2460,1
2461,1
2462,1
2463,7
2467,7
2468,1
2469,7
2470,4
2471,7
2472,1
2473,1
2474,7
2475,1
2476,1
2477,1
2478,7
2479,1
2481,1
2482,1
2483,1
2485,7
2488,1
2490,7
2491,1
2492,1
2495,1
2496,7
2497,1
2498,1
2499,1
2500,1
2501,7
2502,4
2504,1
2505,7
2506,1
2507,1
2511,1
2513,7
2514,1
2515,1
2516,1
2517,1
2518,1
2519,1
2520,1
2521,1
2522,1
2524,1
2525,1
2526,1
2527,7
2528,7
2529,4
2530,1
2531,1
2532,1
2533,7
2535,1
2536,1
2539,7
2540,1
2541,6
2542,2
2546,1
2548,1
2549,1
2550,1
2551,7
2552,1
2553,1
2554,1
2555,1
2557,1
2558,1
2559,1
2560,1
2561,1
2563,1
2565,7
2566,1
2567,7
2568,1
2570,1
2571,5
2572,6
2573,1
2574,1
2575,1
2579,1
2580,7
2581,7
2582,1
2583,1
2585,1
2587,1
2589,1
2590,1
2593,1
2594,1
2596,1
2597,1
2598,7
2599,4
2600,7
2605,7
2606,1
2607,1
2609,1
2610,1
2611,1
2612,1
2613,1
2614,1
2615,1
2616,7
2617,4
2618,1
2621,1
2622,1
2624,1
2625,1
2626,1
2628,4
2629,1
2630,1
2633,1
2634,1
2639,1
2640,4
2641,7
2642,7
2643,1
2644,7
2648,7
2649,1
2651,1
2652,1
2654,1
2655,1
2656,1
2657,4
2660,1
2661,1
2662,7
2664,7
2665,1
2668,1
2669,1
2670,1
2671,4
2672,7
2676,1
2677,1
2681,1
2682,1
2683,4
2686,7
2687,3
2688,7
2690,1
2691,1
2692,4
2693,1
2694,6
2696,1
2697,1
2699,7
2700,4
2701,6
2702,1
2704,1
2706,4
2707,7
2708,1
2709,1
2710,4
2711,1
2712,4
2713,1
2714,1
2716,5
2717,7
2718,1
2719,1
2720,1
2721,1
2722,7
2723,7
2724,7
2725,1
2726,7
2727,1
2728,7
2729,7
2730,7
2731,7
2732,1
2733,1
2734,7
2735,7
2736,1
2738,1
2739,7
2741,1
2745,7
2746,7
2747,1
2748,1
2749,1
2750,7
2751,1
2752,1
2753,1
2757,1
2759,1
2761,6
2762,5
2763,7
2764,7
2765,1
2769,1
2770,7
2771,1
2772,1
2774,1
2779,7
2780,1
2781,1
2782,1
2784,1
2786,1
2787,1
2788,7
2789,1
2790,1
2791,4
2792,7
2793,1
2794,7
2795,7
2796,1
2797,4
2798,1
2799,1
2800,1
2801,1
2802,1
2803,7
2804,4
2805,1
2806,1
2807,1
2808,7
2810,1
2812,1
2815,1
2816,1
2817,1
2818,1
2819,7
2820,1
2822,1
2826,7
2827,1
2828,1
2829,1
2835,1
2836,1
2840,7
2841,7
2842,1
2843,1
2844,1
2846,1
2847,1
2848,1
2851,1
2852,1
2856,1
2857,7
2858,5
2859,1
2860,1
2861,1
2862,1
2863,7
2866,1
2867,1
2868,1
2870,1
2871,7
2872,7
2874,1
2875,1
2876,1
2877,1
2879,1
2880,1
2881,7
2882,1
2883,1
2884,1
2885,1
2886,1
2888,1
2889,1
2890,4
2891,1
2893,1
2894,1
2898,1
2899,1
2900,1
2901,1
2902,1
2903,1
2905,1
2906,1
2907,1
2908,7
2912,7
2915,7
2916,4
2917,7
2918,4
2919,7
2920,1
2921,7
2922,1
2924,1
2925,1
2926,7
2927,1
2928,1
2929,1
2931,1
2932,1
2935,1
2936,1
2937,1
2938,1
2939,1
2940,1
2941,1
2942,7
2943,1
2944,7
2946,1
2947,4
2948,7
2949,7
2950,1
2951,7
2952,1
2953,6
2956,1
2959,5
2961,1
2962,1
2964,1
2965,1
2966,7
2967,1
2968,7
2969,1
2970,1
2971,7
2972,1
2973,7
2974,1
2975,1
2976,7
2977,1
2978,1
2979,1
2983,1
2985,4
2986,7
2987,4
2988,1
2989,7
2990,7
2991,7
2993,7
2995,1
2996,1
2997,5
3000,6
3002,1
3004,1
3005,7
3006,7
3007,1
3008,1
3010,1
3011,1
3013,1
3015,1
3016,7
3017,1
3018,1
3019,7
3020,7
3021,1
3022,7
3024,1
3028,1
3029,1
3030,7
3031,1
3032,1
3033,4
3034,7
3035,7
3036,1
3037,7
3038,1
3039,4
3040,1
3041,1
3042,1
3044,7
3045,1
3046,1
3048,1
3051,1
3052,4
3053,1
3054,1
3055,1
3060,7
3061,1
3062,7
3063,1
3064,1
3066,1
3067,7
3068,7
3070,7
3071,7
3072,7
3074,1
3075,1
3076,1
3077,1
3078,1
3079,1
3081,4
3082,7
3083,7
3086,1
3087,7
3088,7
3089,7
3090,1
3091,1
3093,1
3094,1
3095,7
3096,1
3097,1
3098,7
3099,1
3100,7
3101,7
3102,1
3103,1
3104,7
3105,7
3107,7
3108,7
3109,1
3111,1
3112,1
3113,7
3114,2
3115,1
3117,1
3118,1
3120,1
3125,1
3127,1
3128,1
3129,1
3130,1
3134,1
3135,1
3138,1
3141,1
3142,1
3145,1
3146,1
3147,2
3148,7
3150,1
3152,7
3153,1
3155,1
3156,3
3157,7
3158,1
3159,7
3160,4
3163,1
3165,1
3167,1
3168,7
3169,1
3173,7
3174,7
3175,4
3176,4
3177,1
3178,7
3179,1
3180,1
3181,1
3182,1
3185,1
3186,7
3188,1
3189,1
3190,1
3194,1
3196,7
3197,1
3198,7
3199,1
3200,1
3201,7
3203,7
3204,1
3205,1
3206,1
3208,1
3210,7
3211,1
3213,1
3214,1
3217,1
3219,1
3221,1
3223,1
3224,1
3225,1
3230,1
3235,1
3238,1
3241,1
3243,1
3244,1
3246,7
3247,7
3248,1
3249,7
3250,7
3251,1
3252,6
3253,4
3254,7
3255,7
3256,7
3257,7
3258,7
3259,7
3260,7
3261,7
3262,1
3263,7
3264,7
3265,7
3266,1
3267,7
3268,1
3269,7
3270,1
3271,7
3272,1
3273,7
3274,7
3275,6
3276,1
3281,1
3285,6
3286,1
3287,1
3289,1
3296,1
3298,7
3299,1
3300,6
3301,6
3304,1
3306,1
3307,7
3308,1
3310,1
3316,1
3317,7
3320,1
3324,1
3325,1
3326,1
3327,1
3328,7
3330,1
3334,7
3338,1
3339,1
3340,1
3341,1
3342,1
3347,1
3350,1
3354,7
3355,7
3357,1
3358,7
3359,7
3360,7
3361,7
3362,7
3363,7
3364,1
3365,7
3368,1
3370,1
3372,1
3379,1
3384,1
3385,1
3386,7
3387,1
3388,1
3391,1
3392,1
3394,1
3396,7
3397,7
3398,7
3399,1
3400,1
3401,1
3404,1
3405,1
3406,1
3408,4
3409,6
3412,1
3415,1
3417,1
3418,4
3420,1
3421,4
3422,1
3423,1
3424,7
3425,1
3426,1
3427,1
3428,1
3429,1
3430,1
3431,1
3432,1
3433,1
3435,7
3436,1
3438,7
3439,1
3440,1
3441,7
3444,1
3445,1
3447,1
3448,4
3450,7
3451,7
3452,7
3453,1
3454,1
3456,1
3457,1
3459,1
3461,1
3462,7
3466,1
3467,1
3468,7
3469,1
3470,1
3471,4
3475,1
3476,7
3477,1
3478,1
3479,7
3480,1
3481,4
3483,3
3484,1
3487,1
3489,6
3494,1
3497,1
3498,7
3499,4
3500,1
3501,1
3502,1
3503,1
3504,7
3505,7
3506,1
3507,7
3508,7
3509,1
3510,7
3511,1
3512,1
3513,1
3515,1
3516,1
3519,1
3521,1
3524,7
3525,1
3526,7
3527,4
3528,1
3529,1
3534,7
3535,6
3536,7
3538,1
3539,1
3543,7
3544,1
3545,7
3546,1
3547,1
3548,1
3549,1
3550,1
3551,7
3552,4
3553,1
3554,1
3555,7
3556,7
3557,1
3559,1
3563,1
3564,1
3565,1
3566,1
3569,1
3571,1
3572,1
3576,1
3577,1
3578,5
3579,1
3581,1
3584,1
3587,1
3591,7
3593,1
3594,1
3596,1
3597,1
3598,1
3599,1
3600,1
3604,1
3606,1
3608,7
3613,1
3614,1
3615,1
3616,1
3617,6
3618,1
3621,1
3622,1
3623,6
3624,6
3627,1
3628,1
3629,7
3632,1
3633,7
3634,1
3635,7
3637,1
3638,7
3639,7
3645,1
3646,1
3649,1
3653,1
3654,7
3655,1
3658,1
3662,1
3668,7
3669,1
3671,4
3672,1
3675,1
3676,7
3677,1
3678,1
3679,1
3680,1
3681,7
3682,1
3683,7
3684,1
3685,7
3686,7
3688,1
3689,1
3690,1
3692,1
3693,1
3694,1
3695,1
3696,1
3697,7
3698,7
3699,7
3700,1
3701,1
3702,4
3703,4
3704,7
3705,1
3706,7
3707,1
3708,1
3709,1
3710,1
3712,1
3713,1
3715,1
3717,6
3718,1
3719,1
3720,1
3723,1
3724,1
3725,1
3726,1
3727,1
3728,1
3729,1
3730,7
3732,1
3733,1
3734,1
3735,7
3736,1
3738,1
3739,1
3740,7
3741,7
3742,1
3743,1
3744,7
3745,7
3746,1
3747,1
3751,4
3752,6
3753,6
3754,1
3755,6
3758,1
3760,1
3761,1
3763,7
3764,1
3765,1
3766,1
3767,1
3768,1
3769,1
3770,1
3771,1
3773,1
3774,1
3783,1
3784,1
3785,6
3786,1
3787,1
3788,1
3789,1
3791,7
3793,2
3794,1
3798,7
3799,1
3801,1
3802,1
3807,1
3809,7
3810,1
3811,1
3812,1
3813,1
3814,1
3816,1
3819,1
3821,1
3822,1
3823,1
3824,1
3825,3
3826,7
3827,7
3830,1
3831,1
3833,1
3834,1
3835,1
3836,1
3837,1
3840,1
3841,1
3843,1
3844,7
3846,1
3849,1
3851,1
3852,1
3854,1
3855,1
3857,1
3858,1
3859,1
3861,1
3863,7
3864,1
3865,1
3868,6
3869,7
3871,1
3872,1
3873,1
3877,1
3879,1
3882,7
3889,1
3892,1
3893,7
3895,1
3896,1
3897,4
3898,1
3901,1
3906,1
3908,1
3909,1
3910,7
3911,4
3914,1
3915,1
3916,6
3917,7
3918,1
3919,1
3920,1
3923,1
3925,1
3926,1
3927,1
3928,1
3929,1
3930,1
3932,1
3936,1
3937,1
3943,1
3945,1
3946,1
3947,1
3948,4
3949,2
3950,1
3952,7
3953,1
3955,1
3956,1
3957,1
3959,7
3961,1
3963,1
3964,1
3966,1
3967,6
3968,3
3969,6
3970,1
3972,7
3973,1
3974,1
3975,1
3977,6
3978,1
3979,3
3980,3
3981,1
3983,7
3984,7
3985,1
3986,7
3987,1
3988,6
3989,1
3990,1
3991,1
3992,1
3993,7
3994,4
3996,2
3997,1
3998,1
3999,1
4000,1
4002,7
4003,1
4005,1
4006,1
4007,7
4008,7
4009,1
4010,1
4011,2
4012,1
4014,6
4015,6
4016,6
4017,1
4018,6
4019,7
4020,7
4021,1
4022,2
4023,7
4024,1
4025,6
4027,2
4028,1
4029,7
4030,1
4031,1
4033,7
4034,4
4035,1
4036,7
4037,7
4039,1
4040,1
4041,7
4042,1
4043,1
4046,1
4047,1
4052,1
4053,1
4054,1
4055,1
4056,1
4061,1
4062,1
4063,1
4066,1
4067,1
4068,1
4069,1
4077,1
4079,1
4080,1
4082,1
4084,7
4085,4
4086,1
4089,1
4090,1
4091,1
4092,1
4095,1
4102,1
4103,7
4104,1
4105,7
4109,1
4116,1
4117,1
4121,7
4123,1
4124,1
4125,1
4126,1
4127,1
4128,7
4130,1
4131,1
4132,1
4133,1
4135,1
4141,1
4142,1
4143,1
4144,3
4146,1
4148,6
4149,1
4151,1
4153,1
4154,1
4155,1
4158,1
4159,1
4160,1
4161,7
4166,1
4167,1
4168,1
4169,1
4174,1
4178,1
4183,1
4184,1
4186,1
4187,1
4188,1
4190,1
4191,1
4194,1
4195,1
4198,1
4200,1
4203,1
4205,1
4207,1
4210,7
4211,1
4212,1
4213,1
4214,7
4215,1
4216,1
4217,1
4218,1
4219,1
4220,1
4221,1
4222,1
4223,6
4224,1
4225,1
4226,2
4228,1
4229,1
4231,1
4232,3
4233,1
4234,1
4235,7
4237,1
4238,7
4239,6
4240,1
4241,1
4246,6
4247,1
4248,1
4251,1
4254,1
4255,1
4259,1
4262,6
4263,1
4265,1
4266,1
4267,1
4270,6
4273,1
4274,1
4275,1
4276,1
4277,1
4278,1
4280,7
4282,1
4283,1
4285,1
4290,1
4291,1
4292,1
4293,1
4294,1
4296,1
4297,1
4298,1
4299,6
4304,1
4305,1
4306,2
4308,6
4310,6
4312,1
4313,1
4317,1
4318,1
4321,7
4322,1
4325,1
4326,7
4327,7
4329,1
4332,1
4333,1
4334,1
4336,1
4337,1
4338,1
4339,1
4340,1
4341,1
4343,6
4344,6
4345,1
4349,1
4350,1
4351,7
4353,1
4354,1
4355,1
4356,1
4357,1
4359,1
4361,7
4366,3
4367,6
4368,1
4369,6
4370,6
4371,1
4372,1
4373,1
4378,7
4380,1
4381,1
4383,1
4386,1
4387,1
4388,3
4389,1
4390,1
4392,1
4393,1
4396,1
4397,1
4403,1
4404,1
4405,1
4406,7
4407,1
4409,1
4410,1
4411,1
4415,1
4419,1
4422,1
4424,1
4426,1
4427,1
4428,1
4429,1
4432,1
4437,1
4438,1
4439,1
4440,1
4441,1
4442,1
4443,1
4444,1
4446,6
4447,6
4448,7
4450,1
4452,1
4454,1
4462,1
4464,1
4465,1
4466,1
4467,7
4470,1
4471,1
4473,1
4474,1
4476,1
4477,1
4478,1
4479,1
4480,1
4482,1
4483,1
4486,1
4487,1
4488,1
4489,6
4492,1
4493,1
4494,1
4495,1
4496,1
4498,1
4499,7
4500,1
4501,1
4502,1
4506,1
4508,1
4509,1
4515,1
4516,1
4517,1
4518,1
4519,1
4520,1
4523,1
4524,1
4526,1
4529,1
4531,1
4532,1
4533,1
4535,1
4537,1
4541,1
4543,1
4544,1
4545,7
4546,1
4552,1
4553,3
4555,1
4557,1
4558,7
4559,1
4561,1
4562,1
4563,1
4564,1
4565,1
4566,1
4568,1
4570,1
4571,6
4572,1
4574,1
4577,1
4578,1
4580,1
4585,1
4587,1
4589,1
4591,1
4593,1
4595,1
4597,1
4599,1
4600,1
4602,1
4603,1
4605,1
4612,1
4613,1
4614,1
4616,1
4618,1
4619,1
4620,1
4621,7
4622,1
4623,7
4624,1
4625,1
4626,1
4628,1
4629,1
4633,1
4635,1
4636,1
4638,6
4639,1
4640,1
4641,7
4642,1
4643,6
4644,1
4645,1
4646,1
4649,1
4654,1
4658,1
4661,1
4662,1
4664,1
4665,1
4670,1
4672,1
4673,1
4675,1
4676,1
4677,1
4678,1
4679,7
4680,1
4681,7
4682,1
4683,1
4686,1
4688,1
4690,1
4692,1
4696,1
4697,1
4699,1
4700,3
4701,6
4703,1
4704,1
4705,1
4709,1
4710,1
4713,1
4714,1
4718,6
4719,1
4720,6
4721,1
4723,1
4725,1
4727,1
4728,3
4732,1
4733,1
4734,6
4735,1
4736,1
4738,1
4741,1
4743,1
4744,1
4745,1
4748,1
4749,1
4750,1
4754,1
4756,1
4757,1
4758,1
4765,1
4767,1
4770,1
4771,1
4774,1
4775,1
4776,6
4782,1
4783,1
4784,1
4786,1
4787,1
4788,1
4789,1
4792,1
4794,1
4795,1
4798,1
4799,1
4801,1
4802,1
4803,1
4808,1
4809,1
4811,1
4812,1
4813,1
4814,1
4815,1
4816,6
4821,1
4823,3
4826,1
4830,1
4833,1
4834,1
4835,1
4837,1
4844,1
4845,1
4846,1
4847,1
4848,6
4849,1
4855,7
4857,7
4862,1
4863,1
4865,7
4866,1
4867,1
4873,7
4874,6
4876,1
4878,2
4880,1
4881,7
4885,1
4886,2
4887,3
4888,1
4889,1
4890,6
4893,1
4896,2
4898,1
4899,1
4900,1
4901,6
4902,1
4903,7
4909,1
4911,1
4912,1
4914,1
4915,1
4916,1
4919,1
4920,1
4921,1
4927,1
4928,1
4929,1
4932,1
4936,1
4939,1
4941,1
4945,1
4947,1
4951,1
4954,1
4956,1
4957,1
4958,3
4963,2
4965,1
4966,1
4967,1
4969,1
4970,1
4971,1
4973,2
4974,1
4975,6
4976,1
4978,1
4979,4
4980,7
4981,1
4989,1
4990,1
4991,1
4992,3
4993,2
4994,1
4995,2
4996,1
4998,1
5002,1
5004,1
5007,1
5008,1
5009,1
5010,6
5011,1
5012,1
5013,7
5014,3
5015,7
5016,1
5017,1
5021,1
5022,1
5025,1
5026,7
5027,1
5033,1
5034,1
5039,1
5040,1
5046,1
5047,1
5048,1
5049,7
5051,1
5053,1
5054,1
5055,1
5056,1
5059,1
5060,4
5062,1
5064,6
5065,1
5066,3
5069,1
5072,1
5073,1
5074,1
5076,1
5080,1
5081,1
5092,1
5093,1
5094,1
5095,1
5096,1
5099,1
5102,1
5103,7
5105,1
5106,1
5107,1
5108,3
5109,1
5110,3
5111,1
5112,1
5114,1
5120,1
5121,1
5122,1
5125,1
5127,1
5128,1
5134,1
5135,1
5137,1
5139,1
5146,1
5147,1
5151,1
5152,3
5159,1
5165,1
5169,1
5171,3
5172,1
5177,1
5187,1
5198,1
5213,1
5214,1
5218,2
5219,6
5220,1
5222,1
5225,7
5226,1
5237,1
5241,1
5244,1
5246,1
5247,1
5248,1
5250,1
5254,6
5255,1
5258,1
5264,1
5265,1
5266,6
5267,1
5269,1
5279,1
5282,1
5283,3
5288,1
5291,7
5292,1
5293,7
5294,7
5296,1
5297,1
5298,1
5299,6
5300,1
5303,1
5304,1
5305,1
5308,7
5309,1
5310,1
5312,1
5313,3
5316,1
5319,1
5323,1
5324,1
5325,1
5329,1
5333,1
5334,1
5337,1
5339,1
5341,1
5346,1
5348,1
5349,2
5357,1
5359,1
5361,1
5363,1
5364,1
5367,1
5372,1
5373,1
5377,6
5378,2
5379,1
5380,1
5382,1
5383,1
5385,1
5387,1
5388,6
5389,1
5391,1
5392,1
5397,1
5400,7
5401,1
5404,1
5410,1
5414,1
5415,1
5417,1
5418,2
5419,3
5420,1
5421,1
5428,1
5433,1
5434,1
5437,1
5438,1
5440,1
5442,1
5444,6
5445,2
5446,1
5447,1
5449,3
5450,1
5451,1
5452,1
5454,1
5458,1
5459,6
5460,1
5462,1
5463,3
5464,6
5470,1
5472,1
5475,1
5476,1
5477,1
5478,1
5479,1
5480,1
5481,6
5483,1
5485,1
5489,1
5493,1
5497,1
5498,1
5499,1
5500,7
5501,1
5502,6
5504,1
5505,1
5506,1
5507,6
5508,1
5515,1
5516,1
5522,1
5523,1
5524,1
5525,1
5526,1
5527,1
5528,6
5529,1
5530,1
5538,1
5540,1
5541,7
5544,1
5548,1
5553,1
5555,1
5556,1
5563,1
5564,1
5568,1
5569,1
5570,1
5572,1
5573,1
5574,6
5577,1
5582,1
5584,1
5585,1
5588,1
5589,1
5597,1
5602,1
5603,1
5604,1
5606,1
5607,1
5608,1
5609,1
5610,1
5611,1
5612,1
5613,1
5617,7
5618,2
5620,3
5621,1
5625,1
5628,1
5629,1
5630,6
5632,1
5633,1
5636,1
5637,1
5638,1
5640,1
5642,1
5643,1
5644,1
5646,1
5649,1
5650,1
5651,1
5653,1
5663,1
5665,1
5666,1
5667,1
5668,1
5669,6
5670,1
5672,1
5673,6
5675,1
5677,1
5678,1
5679,6
5680,1
5682,1
5685,1
5686,1
5689,1
5690,3
5691,1
5692,1
5693,7
5694,1
5696,1
5705,1
5707,1
5712,1
5732,1
5735,1
5747,1
5749,1
5752,1
5765,1
5771,1
5772,1
5777,1
5780,1
5782,7
5784,1
5785,3
5787,1
5788,1
5791,7
5792,1
5796,1
5797,1
5799,1
5801,1
5803,1
5804,1
5809,1
5810,6
5812,1
5816,2
5818,1
5820,1
5825,1
5826,1
5833,1
5836,1
5839,1
5840,1
5841,1
5843,1
5847,1
5853,1
5867,1
5872,6
5873,1
5874,1
5875,1
5876,1
5878,7
5879,1
5881,3
5882,3
5883,1
5888,1
5890,1
5891,1
5893,1
5899,1
5900,1
5902,6
5903,6
5909,1
5927,1
5932,1
5938,1
5940,1
5941,1
5942,1
5943,1
5944,3
5945,7
5949,1
5951,1
5952,2
5954,6
5955,1
5956,6
5957,1
5958,1
5959,1
5961,1
5962,1
5963,1
5965,1
5968,1
5969,1
5970,1
5971,6
5974,1
5980,1
5981,1
5989,2
5991,6
5992,7
5994,1
5995,6
5999,1
6001,7
6002,1
6003,7
6005,1
6006,1
6008,1
6012,1
6013,1
6014,1
6016,2
6021,1
6023,1
6025,1
6027,1
6031,1
6039,1
6040,1
6051,1
6058,3
6059,3
6060,1
6062,1
6063,1
6077,1
6078,1
6093,1
6100,1
6101,1
6104,1
6122,1
6123,1
6140,1
6143,1
6153,1
6155,3
6156,3
6157,6
6158,1
6159,1
6162,1
6163,1
6166,1
6170,1
6183,1
6184,1
6185,1
6186,1
6187,3
6188,6
6193,1
6196,1
6197,1
6212,1
6213,1
6214,1
6215,1
6216,1
6218,6
6219,1
6220,1
6222,1
6223,1
6230,1
6232,1
6235,1
6237,1
6238,1
6239,1
6242,1
6243,1
6244,1
6249,1
6250,1
6252,1
6254,1
6263,1
6264,1
6265,1
6266,1
6268,1
6269,1
6270,1
6271,1
6273,1
6279,1
6280,1
6281,6
6283,3
6286,1
6287,6
6288,1
6290,1
6291,1
6294,1
6296,7
6297,3
6298,1
6299,1
6300,1
6301,1
6303,1
6305,1
6306,1
6308,1
6315,1
6316,1
6322,1
6323,6
6331,7
6332,1
6333,2
6335,1
6337,1
6338,1
6339,1
6341,1
6344,1
6345,1
6350,3
6356,1
6357,1
6358,1
6365,2
6367,1
6370,1
6371,1
6373,6
6374,1
6377,2
6378,6
6379,1
6380,1
6383,3
6385,7
6392,1
6405,1
6412,1
6413,1
6422,1
6424,1
6425,1
6428,1
6429,1
6433,1
6436,1
6440,7
6441,1
6442,1
6448,1
6460,1
6461,1
6464,1
6466,1
6482,1
6483,1
6484,1
6485,1
6493,1
6502,2
6503,3
6509,1
6517,1
6523,1
6530,1
6533,1
6534,6
6535,1
6536,1
6537,6
6538,1
6539,2
6541,6
6542,1
6545,1
6548,3
6549,1
6550,3
6552,1
6558,1
6559,1
6561,1
6564,3
6565,7
6566,1
6567,1
6568,1
6579,1
6581,1
6582,1
6584,1
6586,3
6587,1
6591,1
6592,1
6593,3
6595,3
6596,1
6598,1
6609,1
6611,1
6612,1
6614,1
6615,1
6617,1
6618,3
6619,1
6620,7
6624,1
6629,1
6636,1
6638,1
6639,1
6643,1
6645,1
6650,1
6658,1
6659,7
6660,1
6662,7
6663,1
6664,3
6666,1
6667,1
6668,1
6669,1
6678,1
6684,1
6686,1
6687,1
6695,1
6702,1
6703,1
6705,1
6707,1
6708,6
6709,3
6710,1
6711,2
6713,1
6720,1
6721,1
6722,1
6724,1
6725,1
6731,1
6732,1
6734,1
6743,1
6744,1
6748,1
6750,1
6751,1
6753,1
6754,6
6755,1
6763,1
6764,3
6765,1
6768,1
6770,1
6772,1
6773,7
6774,1
6776,1
6777,1
6779,1
6780,1
6782,1
6783,1
6785,1
6786,1
6787,7
6789,1
6790,1
6791,1
6793,1
6794,1
6796,7
6797,1
6798,1
6800,1
6803,1
6807,6
6808,1
6810,1
6811,1
6812,1
6816,1
6818,1
6820,1
6827,1
6832,1
6850,1
6852,1
6856,1
6857,1
6858,1
6862,1
6863,6
6867,7
6868,1
6869,1
6870,6
6872,1
6873,7
6874,2
6879,7
6880,1
6881,1
6882,1
6884,1
6885,1
6886,1
6887,1
6888,3
6889,3
6890,1
6893,1
6896,1
6898,1
6902,1
6909,1
6918,1
6920,1
6927,1
6932,1
6934,2
6936,6
6942,6
6944,7
6946,1
6947,6
6950,1
6951,1
6952,1
6953,6
6954,1
6957,6
6958,1
6959,1
6963,1
6966,1
6970,1
6971,1
6974,1
6975,1
6977,1
6978,1
6979,7
6981,1
6985,1
6986,1
6987,1
6989,1
6990,1
6991,1
6992,1
6993,7
6996,1
6997,1
6999,1
7000,1
7001,1
7003,1
7004,7
7005,1
7007,1
7008,1
7009,1
7010,1
7012,1
7013,1
7016,1
7017,1
7018,1
7019,1
7020,1
7022,6
7023,1
7024,1
7025,1
7026,1
7027,1
7028,1
7029,1
7030,1
7033,1
7034,1
7036,1
7037,1
7039,1
7040,1
7042,1
7043,1
7044,1
7045,1
7046,1
7048,1
7055,1
7056,1
7059,1
7060,1
7062,1
7063,1
7064,1
7065,1
7067,1
7068,1
7069,1
7070,1
7071,1
7072,1
7073,1
7074,1
7075,1
7076,1
7078,1
7079,1
7080,1
7082,1
7084,1
7086,1
7087,1
7088,1
7089,1
7090,6
7091,1
7096,1
7099,3
7101,1
7102,1
7104,1
7107,1
7115,1
7116,1
7117,1
7118,1
7121,1
7122,1
7123,1
7126,1
7132,1
7135,1
7136,1
7137,1
7139,1
7142,1
7143,6
7147,2
7149,7
7150,1
7151,1
7153,2
7154,1
7155,1
7156,7
7158,1
7160,7
7161,1
7162,7
7163,3
7164,1
7169,1
7171,1
7173,3
7175,1
7177,1
7178,1
7193,1
7206,1
7209,1
7210,1
7212,1
7215,1
7216,1
7217,1
7218,1
7222,1
7223,1
7225,1
7228,1
7234,1
7235,1
7236,1
7238,1
7247,1
7254,6
7255,1
7256,1
7257,1
7258,1
7259,1
7260,1
7261,1
7263,1
7265,1
7285,1
7293,6
7294,1
7297,1
7299,1
7300,1
7301,1
7303,1
7305,1
7307,1
7308,1
7310,1
7311,1
7316,1
7317,3
7318,3
7319,1
7320,1
7321,1
7323,3
7324,1
7325,6
7327,1
7334,1
7335,1
7340,1
7345,1
7346,3
7347,3
7348,1
7352,1
7354,1
7360,6
7361,2
7362,1
7364,1
7365,1
7366,1
7367,1
7369,1
7371,3
7372,1
7373,6
7374,1
7375,1
7376,1
7377,1
7379,1
7380,1
7381,1
7382,1
7386,1
7387,7
7395,1
7396,1
7419,1
7438,2
7439,3
7444,3
7445,6
7448,1
7449,1
7450,1
7451,6
7453,1
7454,6
7458,6
7459,1
7460,1
7478,1
7481,1
7482,7
7484,1
7486,1
7487,1
7493,1
7505,1
7541,1
7560,1
7562,1
7564,1
7566,1
7569,7
7570,1
7572,1
7573,1
7579,1
7584,1
7587,1
7614,1
7616,1
7618,1
7619,1
7624,1
7636,1
7646,1
7647,1
7669,1
7698,1
7700,1
7701,1
7704,1
7706,1
7708,1
7713,1
7714,1
7720,1
7725,1
7728,1
7743,1
7745,1
7748,1
7749,1
7756,1
7757,1
7759,1
7766,1
7767,1
7771,1
7773,1
7781,1
7782,1
7791,1
7792,1
7802,1
7809,1
7815,1
7817,1
7820,1
7826,1
7827,1
7831,1
7833,1
7834,1
7836,1
7840,1
7842,1
7844,1
7845,1
7846,1
7883,1
7888,1
7889,1
7891,1
7894,1
7895,1
7924,1
7925,1
7926,1
7930,1
7932,1
7934,1
7937,1
7938,1
7939,1
7941,1
7943,1
7944,1
7951,1
7976,1
7979,1
7980,1
7981,3
7982,1
7983,1
7984,1
7990,1
7991,1
8008,1
8010,1
8011,1
8012,1
8014,1
8016,1
8019,1
8033,1
8039,1
8042,1
8044,1
8045,1
8094,1
8117,1
8125,1
8128,1
8131,1
8132,1
8147,1
8154,1
8157,1
8158,1
8167,1
8169,1
8183,1
8188,1
8191,1
8195,1
8197,1
8199,1
8207,1
8225,1
8228,7
8235,1
8239,1
8253,1
8254,1
8261,1
8264,1
8266,1
8268,1
8327,1
8337,1
8338,1
8340,7
8341,1
8360,2
8361,6
8362,1
8363,1
8364,1
8366,1
8368,2
8369,1
8370,1
8371,6
8372,1
8373,1
8376,6
8387,1
8401,1
8404,1
8405,1
8451,1
8459,1
8464,6
8477,1
8482,1
8491,1
8492,1
8493,1
8501,1
8507,1
8512,1
8516,1
8521,1
8526,1
8528,6
8529,6
8530,1
8531,1
8532,1
8533,6
8535,1
8542,1
8576,1
8580,1
8581,1
8582,1
8589,1
8591,1
8596,1
8600,1
8604,1
8605,1
8607,1
8609,1
8610,1
8614,1
8618,1
8620,1
8622,6
8623,7
8633,1
8636,2
8638,3
8640,3
8641,6
8643,1
8644,2
8645,1
8656,1
8665,2
8666,1
8667,1
8670,1
8684,1
8690,1
8711,1
8712,1
8724,1
8731,1
8738,1
8751,1
8754,1
8772,1
8781,3
8782,1
8783,6
8784,6
8796,1
8798,6
8799,1
8800,1
8807,6
8808,1
8809,1
8810,3
8811,1
8813,1
8814,1
8815,1
8827,1
8830,1
8831,1
8833,1
8836,1
8838,1
8848,1
8860,1
8861,3
8864,1
8865,3
8866,1
8869,1
8870,1
8873,7
8874,2
8879,1
8880,1
8884,1
8905,1
8906,1
8907,3
8908,1
8910,7
8911,1
8912,1
8914,3
8915,1
8916,1
8917,6
8923,1
8928,1
8930,1
8937,1
8939,1
8943,1
8946,1
8947,3
8948,1
8949,6
8950,6
8951,1
8957,6
8958,6
8959,1
8961,2
8965,3
8966,1
8967,1
8968,1
8969,1
8970,6
8972,6
8973,1
8974,1
8977,1
8978,1
8981,6
8983,6
8984,6
8985,3
8998,1
9004,1
9005,1
9010,1
9018,1
25750,1
25755,1
25769,1
25771,1
25774,1
25777,1
25788,1
25793,1
25805,1
25827,1
25850,1
25856,1
25868,1
25923,1
25927,1
25940,1
25954,1
25963,1
26003,1
26007,1
26052,1
26064,1
26082,1
26084,1
26085,1
26094,1
26111,1
26122,1
26131,1
26133,1
26150,1
26151,1
26152,1
26163,1
26171,1
26172,1
26184,1
26203,1
26242,1
26246,1
26249,1
26258,1
26285,1
26294,1
26303,1
26326,1
26340,1
26347,1
26349,1
26350,1
26359,1
26375,1
26386,1
26393,1
26398,1
26422,1
26425,1
26462,1
26471,1
26476,1
26485,1
26492,1
26513,1
26524,1
26547,1
26554,1
26555,1
26578,1
26585,1
26587,1
26603,1
26606,1
26629,1
26631,1
26662,3
26680,1
26688,1
26699,1
26704,1
26712,1
26713,1
26729,1
26750,1
26776,3
26819,1
26840,1
26865,1
26870,1
26903,1
26939,1
26947,1
26974,1
27020,1
27032,1
27109,1
27156,1
27193,1
27266,1
27317,1
27338,1
27366,1
27368,1
27397,1
27402,1
27408,1
27416,1
27434,1
27441,1
27478,1
27482,1
27491,1
27523,1
27563,1
27584,1
27592,1
27604,1
27608,1
27618,1
27660,3
27674,1
27685,1
27700,1
27706,6
27721,1
27722,1
27727,1
27728,1
27731,1
27741,1
27772,1
27773,0
27788,3
27790,1
27793,1
27800,1
27801,1
27803,1
27808,3
27815,1
27816,1
27820,1
27821,1
27822,1
27831,3
27834,1
27837,1
27838,1
27839,1
27846,1
27850,1
27869,1
27871,1
27873,1
27878,1
27879,1
27882,1
27899,1
27904,3
27905,1
27912,1
30707,6
30749,6
30793,6
30803,1
30810,6
30812,6
30816,1
30818,1
30820,1
30822,1
30825,6
30846,1
30848,1
30850,1
30883,1
30894,1
30898,1
31116,1
31162,1
31184,1
31193,1
31221,1
31223,1
31225,3
31270,1
31364,3
31410,6
31420,1
31422,1
31424,1
31427,1
31431,1
31433,1
31435,1
31437,1
31502,1
31522,1
31545,1
31658,0
31660,1
31685,6
31689,1
31694,1
31696,6
31698,1
31804,1
31867,1
31878,6
31923,1
31952,1
32011,1
32017,1
32019,1
32029,1
32031,3
32179,1
32213,1
32289,1
32291,1
32296,1
32298,1
32300,1
32387,1
32460,1
32587,2
32589,1
32596,3
32598,1
32657,1
32825,1
32840,1
32892,1
32898,1
33004,6
33036,1
33072,1
33085,1
33138,1
33145,1
33154,1
33158,1
33162,3
33164,1
33166,6
33171,1
33288,1
33312,1
33437,1
33493,2
33495,1
33499,1
33564,1
33585,1
33615,6
33639,1
33646,3
33649,1
33660,6
33669,1
33672,1
33679,6
33681,1
33683,1
33725,1
33779,1
33794,2
33815,1
33817,1
33830,1
33834,1
33836,1
33880,1
33896,1
33903,1
34048,6
34072,3
34143,1
34148,1
34150,6
34153,1
34162,6
34198,1
34271,1
34319,6
34321,1
34323,1
34326,1
34332,1
34334,1
34336,1
34338,1
34405,6
34437,3
34520,1
34523,1
34528,1
34530,1
34532,1
34534,3
34536,1
34542,1
34552,1
34811,1
35347,1
35836,6
35957,1
36276,1
36289,1
36363,1
36397,1
36401,3
36509,1
36517,7
36519,3
36525,1
36527,1
36529,6
36533,1
36535,1
36537,1
36850,1
37240,1
37380,1
37382,1
37384,1
37386,3
37475,1
37477,1
37720,1
37727,3
37729,6
37731,1
37733,6
37736,1
37739,1
37741,7
37830,1
37853,1
37857,1
38038,6
38061,6
38095,1
38159,1
38304,1
38388,1
38600,1
38798,1
38886,1
38992,1
39183,6
39231,1
39234,1
39292,7
39381,1
39400,1
39414,1
39419,1
39427,1
39435,3
39444,1
39446,3
39449,1
39869,1
40148,1
40278,6
40339,1
40412,1
40414,1
40581,1
40583,3
40614,1
40629,3
40723,1
40732,3
40815,2
40819,6
40826,1
40851,1
40870,1
40946,1
40955,1
40959,1
40962,1
40966,1
41014,1
41285,3
41527,1
41566,6
41569,6
41571,3
41573,1
41716,1
41863,1
41997,6
42002,1
42004,1
42007,1
42009,1
42011,3
42013,1
42015,1
42018,1
42094,1
42197,1
42217,1
42418,1
42632,1
42718,1
42721,1
42723,3
42725,1
42728,1
42730,1
42732,1
42734,1
42738,3
43333,1
43376,1
43396,1
43419,1
43460,1
43556,1
43558,1
43560,1
43679,1
43708,1
43744,1
43836,1
43869,1
43871,1
43904,1
43917,1
43919,1
43921,1
43928,1
43930,1
43932,1
43936,3
44004,1
44022,3
44191,2
44193,3
44195,6
44197,1
44199,6
44204,1
44225,1
44397,1
44399,1
44555,6
44613,1
44633,1
44665,6
44694,1
44709,1
44731,1
44759,1
44761,3
44788,1
44828,1
44840,1
44849,1
44864,1
44929,1
44937,1
44972,1
44974,3
45003,1
45028,1
45062,1
45074,1
45081,3
45106,1
45175,1
45183,1
45186,6
45208,1
45210,1
45221,1
45361,1
45431,3
45440,1
45442,1
45447,6
45499,6
45501,3
45503,1
45517,6
45635,1
45662,1
45666,3
45668,3
45672,3
45720,6
45722,0
45726,1
45728,3
45730,1
45732,1
45880,1
45928,1
45950,3
46062,1
46322,1
46335,3
46337,1
46347,1
46530,3
46578,2
46723,6
46850,1
46855,1
46865,1
46948,3
46965,3
46967,1
46970,3
46972,3
46974,1
46976,6
47044,1
47099,0
47122,1
47124,1
47200,3
47254,1
47264,1
47382,1
47404,1
47423,1
47465,1
47491,1
47518,3
47610,6
47629,3
47640,1
47644,1
47721,1
47725,1
47810,1
47894,1
47937,1
47950,1
47952,1
47970,1
47997,3
47999,1
48043,3
48061,1
48082,1
48142,1
48161,1
48304,3
48319,1
48322,1
48326,1
48385,6
48394,2
48412,1
48414,1
48416,1
48516,2
48518,1
48520,1
48560,1
48591,1
48593,1
48596,1
48678,1
48696,1
48698,1
48738,6
48744,1
48774,2
48780,2
48783,1
48856,1
48872,1
48877,3
48982,3
48997,3
49013,1
49130,1
49132,1
49220,1
49272,2
49274,3
49276,1
49278,3
49280,1
49284,1
49286,3
49314,1
49347,1
49396,3
49422,1
49526,1
49528,1
49530,6
49647,1
49649,1
49651,3
49772,1
49793,1
49822,1
49824,1
49910,1
49932,1
49957,1
49961,1
50003,1
50005,1
50011,1
50064,1
50068,3
50160,1
50162,1
50274,1
50442,1
50445,1
50514,1
50594,1
50601,3
50641,1
50658,1
50685,1
50740,1
50742,1
50792,1
50794,3
50798,1
50800,1
50802,1
50804,1
50806,1
50851,1
50872,0
50912,1
50923,1
50954,1
51037,1
51077,3
51080,1
51084,3
51086,3
51088,1
51091,1
51255,0
51277,1
51412,3
51471,1
51540,0
51573,1
51575,1
51660,1
51662,2
51694,1
51698,1
51705,1
51709,3
51834,1
51884,1
51925,1
51927,1
51931,1
51935,3
51937,1
51939,1
52042,1
52241,1
52245,3
52281,6
52283,1
52287,3
52319,1
52328,3
52375,1
52435,1
52456,1
52458,3
52460,1
52462,1
52579,1
52604,3
52606,1
52644,1
52668,1
52694,1
52712,1
52717,1
52722,6
52767,1
52806,1
52885,3
52950,1
52952,1
52967,1
52973,6
52975,3
53000,6
53024,1
53121,3
53123,3
53125,0
53127,1
53129,3
53140,1
53161,1
53189,1
53207,1
53318,1
53322,6
53326,1
53435,1
53447,1
53460,1
53464,3
53468,1
53519,3
53550,1
53894,3
53921,1
53953,3
53956,3
53972,6
53974,1
53993,3
53996,6
54001,0
54004,1
54190,3
54256,3
54259,6
54272,6
54276,1
54281,1
54286,2
54331,1
54372,1
54503,0
54648,3
54686,1
54732,1
54734,1
54736,3
54745,1
54771,1
54775,1
54780,1
54785,1
54787,1
54796,1
54881,1
54910,1
54962,1
54995,3
54997,6
54999,3
55052,3
55069,1
55071,1
55080,1
55094,1
55098,1
55118,6
55167,1
55176,1
55232,3
55241,1
55245,1
55247,0
55250,1
55253,1
55261,1
55267,1
55269,3
55272,1
55274,1
55276,3
55278,1
55280,3
55282,3
55284,1
55286,1
55290,3
55363,3
55442,3
55444,1
55451,1
55553,1
55555,1
55577,1
55721,3
55729,1
55732,1
55765,6
55768,3
55805,3
55814,1
55820,2
55830,3
55872,1
55901,1
55908,3
55946,1
55955,1
55995,3
55999,1
56003,1
56145,3
56152,3
56156,3
56169,1
56171,3
56174,0
56176,1
56274,1
56286,1
56333,1
56339,3
56367,0
56389,1
56563,1
56587,3
56607,1
56715,1
56757,6
56775,3
56782,0
56788,3
56801,1
56805,1
56885,1
56915,1
56941,3
56949,3
57147,1
57183,1
57243,1
57274,3
57326,1
57353,1
57368,6
57401,1
57464,1
57502,1
57504,3
57520,1
57526,1
57528,3
57532,1
57534,1
57640,3
57669,0
57910,1
57951,1
58025,3
58047,3
58078,1
58103,3
58105,1
58107,1
58154,1
58156,1
58162,1
58191,1
58293,3
58295,3
58297,1
58299,3
58301,1
58303,1
58306,1
58315,1
58332,1
58347,1
58351,1
58376,1
58425,1
58490,1
58559,2
58627,1
58655,1
58803,3
58806,1
58839,1
58964,1
58972,1
58975,1
58998,6
59014,1
59016,1
59018,1
59022,3
59026,1
59037,1
59103,1
59118,1
59126,1
59141,1
59143,1
59220,1
59256,1
59258,1
59306,1
59315,2
59333,1
59336,1
59369,0
59387,3
59418,1
59421,1
59501,3
59594,1
59604,1
59615,6
59709,1
59725,1
59727,1
59731,1
59784,0
59810,1
59900,3
59985,1
59995,1
60037,3
60040,3
60069,2
60072,3
60074,0
60126,3
60291,1
60293,1
60333,1
60397,3
60408,1
60487,1
60514,3
60516,1
60609,1
60647,1
60684,0
60753,1
60756,3
60760,1
60766,3
60832,1
60937,3
60941,1
60943,1
60948,1
60950,3
61024,3
61026,1
61071,1
61075,1
61123,1
61132,0
61160,1
61236,1
61240,3
61246,1
61248,3
61250,1
61255,1
61262,1
61323,6
61348,1
61350,1
61352,1
61401,1
61406,1
61465,1
61697,1
61705,1
61729,1
61986,1
62049,1
62081,3
62113,1
62155,3
62203,1
62250,1
62265,1
62293,1
62344,1
62374,3
62376,1
62394,1
62434,3
62437,1
62439,1
62511,3
62553,1
62644,1
62733,1
62792,1
62849,3
62912,1
62999,3
63033,1
63062,3
63072,3
63082,0
63113,6
63131,3
63222,1
63393,1
63436,1
63479,1
63515,1
63540,1
63808,1
63826,1
63853,1
63859,3
63876,3
63992,3
64030,3
64032,1
64034,3
64116,1
64197,1
64231,1
64249,1
64285,1
64497,3
64499,1
64501,1
64575,3
64614,0
64620,3
64622,3
64701,1
64716,3
64839,6
64957,0
64969,3
64983,3
64993,1
64997,1
65088,1
65126,1
65130,3
65133,1
65188,1
65193,1
65216,3
65225,1
65230,3
65261,3
65418,1
65435,1
65465,1
65514,3
65567,1
65577,1
65585,1
65596,1
65601,1
65642,3
65682,3
65685,1
65802,1
65813,1
65868,1
65882,1
65982,1
66090,1
66097,3
66130,1
66171,3
66198,1
66200,1
66203,3
66304,1
66371,1
66509,3
66665,1
66783,1
66785,1
66798,1
66934,3
67087,3
67186,1
67193,1
67197,3
67255,3
67267,1
67408,3
67508,1
67620,1
67665,1
67695,1
67734,3
67788,1
67799,1
67867,1
67923,3
67997,1
68073,3
68099,1
68135,3
68157,2
68159,3
68194,1
68205,3
68237,0
68269,1
68319,0
68347,1
68358,0
68486,1
68522,1
68554,3
68659,1
68791,3
68793,3
68848,1
68932,1
68941,1
68952,3
68954,0
68959,1
69069,1
69122,0
69134,1
69140,1
69253,1
69275,1
69278,1
69306,3
69406,3
69436,1
69458,1
69481,0
69516,1
69524,1
69526,3
69529,1
69604,1
69606,1
69640,3
69644,3
69712,1
69746,1
69757,0
69784,3
69844,0
69849,1
69951,3
70159,3
70183,3
70206,1
70208,1
70286,0
70293,3
70305,1
70334,1
70336,3
70361,1
70533,1
70567,1
70599,3
70663,1
70697,1
70728,1
70862,1
70984,1
70994,1
71033,3
71057,3
71106,1
71108,1
71129,1
71131,1
71135,3
71156,3
71205,1
71211,1
71248,1
71252,1
71254,3
71264,3
71282,1
71304,1
71325,1
71327,1
71379,3
71429,1
71450,1
71462,1
71464,3
71466,1
71500,1
71518,1
71520,3
71530,3
71535,0
71573,1
71579,3
71619,1
71668,1
71670,1
71745,3
71823,1
71838,3
72011,6
72129,1
72131,1
72165,1
72167,1
72171,1
72209,1
72226,0
72294,1
72356,1
72378,3
72380,1
72386,1
72393,1
72395,1
72405,1
72407,3
72479,1
72489,1
72605,1
72641,3
72696,1
72701,1
72720,1
72731,1
72733,3
72737,3
72741,1
72919,1
72998,0
73000,1
73015,1
73017,0
73023,1
73042,1
73168,1
73211,1
73266,1
73268,3
73290,3
73319,1
73321,3
73323,3
73344,1
73587,1
73804,1
73808,1
73854,1
73860,1
73881,1
73929,1
74152,1
74154,1
74156,1
74228,3
74275,1
74370,1
74416,1
74450,1
74452,1
74458,0
74488,1
74508,1
74510,3
74530,3
74532,1
74545,3
74553,1
74580,1
74624,1
74668,1
74677,1
74685,1
74688,1
74698,1
74727,1
74740,1
74750,1
74754,1
74787,1
74789,3
74795,3
74851,1
74868,1
74916,1
74944,1
74946,3
74948,1
75341,1
75395,1
75805,1
75813,1
75985,3
76030,1
76077,3
76079,1
76091,1
76093,0
76111,1
76173,1
76175,3
76210,1
76251,0
76293,3
76317,1
76763,1
77191,1
77201,1
77206,1
77307,1
77364,1
77414,1
77421,1
77427,1
77455,3
77540,1
77561,0
77667,1
77795,1
77798,1
77800,1
77837,1
77843,1
77846,1
77866,3
78039,3
78041,1
78088,3
78105,3
78174,1
78209,3
78218,1
78264,1
78266,1
78316,1
78349,3
78467,1
78469,3
78499,0
78574,3
78637,3
78679,1
78703,1
78729,1
78772,3
78836,1
78893,1
79057,3
79091,0
79132,2
79134,3
79139,3
79185,3
79224,3
79242,3
79251,1
79293,3
79357,3
79428,1
79553,3
79588,1
79590,1
79592,3
79695,3
79702,0
79720,1
79796,1
79798,1
79860,1
79879,1
79897,1
79946,1
80094,1
80126,1
80166,1
80185,1
80219,3
80222,1
80241,1
80350,1
80363,3
80398,1
80463,0
80489,3
80549,3
80551,1
80586,1
80590,1
80615,1
80693,3
80831,3
80839,1
80844,1
80846,1
80858,1
80860,1
80862,1
80864,1
80906,3
80917,1
80969,3
81018,1
81132,1
81156,1
81158,1
81191,1
81229,3
81257,1
81417,1
81456,1
81512,1
81516,1
81535,1
81537,3
81562,3
81564,3
81591,0
81641,1
81782,3
81784,1
81786,1
81788,3
81791,1
81804,1
81819,1
81834,0
81845,0
81847,0
81932,3
82041,1
82095,1
82143,1
82152,1
82167,3
82169,3
82202,3
82242,1
82378,1
82459,0
82461,3
82463,1
82499,1
82527,1
82534,1
82667,3
82744,1
82767,1
82852,1
82854,1
83086,1
83132,3
83134,3
83219,1
83349,3
83369,1
83480,1
83613,3
83803,1
83910,1
83976,1
84152,0
84156,1
84187,1
84189,1
84273,1
84312,1
84374,3
84392,3
84395,1
84601,3
84613,1
84615,1
84637,1
84772,3
84844,1
84942,1
84944,3
84950,1
84952,1
84954,3
85020,3
85022,1
85025,1
85056,3
85131,3
85179,1
85213,1
85312,1
85342,1
85354,1
85367,3
85394,1
85397,1
85401,1
85412,1
85414,0
85438,1
85510,3
85774,3
85788,3
85796,1
85881,1
86000,1
86059,1
86142,1
86190,3
86293,1
86295,1
86298,3
86320,3
86332,0
86345,1
86347,1
86377,1
86548,1
86628,1
86644,3
86781,3
86815,1
86817,1
86833,3
86835,1
86852,1
86880,3
86882,0
86892,1
86898,3
86911,3
87192,3
87194,1
87222,3
87232,0
87234,1
87298,1
87304,1
87306,3
87430,3
87483,1
87485,3
87520,3
87522,1
87529,1
87660,1
87867,1
87869,3
87876,3
88108,1
88118,1
88125,0
88129,0
88140,0
88163,3
88179,1
88235,3
88267,1
88356,1
88405,3
88672,1
88744,0
88785,1
88810,3
88812,1
88932,1
88954,1
89002,1
89030,1
89039,1
89047,1
89072,1
89085,1
89087,1
89118,3
89190,1
89305,1
89343,1
89470,3
89480,1
89492,0
89535,1
89745,0
89753,3
89759,3
89761,1
89774,3
89804,3
89837,1
89840,1
89864,3
89900,1
89904,3
90057,3
90249,3
90343,1
90345,3
90357,1
90374,1
90376,3
90403,1
90405,3
90430,3
90439,3
90469,1
90522,1
90524,1
90528,1
90531,3
90576,1
90578,1
90600,3
90647,3
90717,3
90719,1
90746,3
90866,3
90888,1
90890,1
90943,1
90947,1
91077,3
91079,1
91094,1
91104,1
91126,1
91128,1
91134,1
91199,1
91323,1
91325,1
91386,1
91414,1
91485,3
91500,0
91529,0
91535,3
91542,0
91622,1
91628,1
91630,0
91653,3
91658,0
91660,1
91690,1
91842,1
91890,1
91974,3
91976,3
91978,1
92008,1
92058,1
92192,1
92243,1
92259,0
92264,1
92309,1
92391,1
92420,3
92422,1
92439,1
92507,3
92509,1
92643,1
92681,1
92694,1
92920,1
92938,1
93040,1
93164,1
93270,1
93272,1
93287,1
93297,1
93326,3
93363,3
93443,1
93475,1
93498,1
93510,0
93512,1
93563,1
93721,3
93740,1
93766,1
93805,1
93831,3
93838,3
93840,0
93855,1
93982,1
93988,1
94015,1
94018,3
94070,1
94266,1
94325,1
94405,1
94478,3
94558,1
94677,3
94777,3
94780,3
94799,1
94813,1
94833,1
94864,0
94896,1
94931,1
94953,1
94959,0
94969,1
94985,1
95058,1
95067,1
95088,3
95105,3
95135,1
95167,0
95199,1
95201,1
95207,1
95307,1
95309,3
95311,1
95375,1
95441,3
95449,1
95510,0
95543,3
95558,1
95583,1
95654,1
95720,1
95761,1
95856,1
95858,1
95873,1
95875,3
96079,0
96110,1
96121,1
96150,1
96281,3
96314,1
96417,1
96432,3
96488,1
96565,1
96567,1
96588,3
96606,1
96610,0
96612,1
96616,1
96655,1
96691,1
96693,1
96728,3
96737,3
96751,1
96811,3
96815,1
96821,3
96829,3
96832,1
96857,1
96861,3
96911,1
96917,1
97024,1
97057,1
97172,1
97188,3
97225,3
97304,0
97306,3
97328,1
97701,1
97752,3
97785,1
97836,1
97860,1
97866,1
97870,1
97913,0
97921,0
97923,3
97936,1
97938,0
97950,1
98056,1
98122,1
98154,3
98203,1
98239,1
98243,3
98361,1
98373,1
98491,3
98585,1
98604,1
98607,1
98809,0
98961,3
99007,3
99112,3
99114,0
99117,1
99145,3
99149,3
99437,1
99470,1
99728,1
99750,1
99764,1
99910,1
99912,1
99917,1
99957,1
100044,1
100083,1
100106,1
100108,1
100159,1
100163,3
100244,1
100302,1
100326,1
100383,3
100390,1
100487,1
100498,1
100507,1
100527,1
100556,1
100581,1
100714,3
100737,1
100745,1
100810,1
101025,1
101076,1
101088,1
101112,3
101137,1
101142,3
101283,1
101285,1
101360,1
101362,3
101415,1
101498,1
101525,3
101577,1
101612,1
101739,1
101741,1
101850,1
101864,0
101895,1
101962,1
101973,1
101997,1
102033,3
102066,1
102088,1
102123,3
102125,0
102194,3
102407,3
102445,0
102481,3
102666,1
102684,1
102686,3
102716,3
102720,1
102753,1
102800,1
102819,1
102880,1
102903,0
102993,3
103017,1
103042,3
103048,1
103075,3
103137,1
103141,3
103228,0
103249,0
103253,3
103306,1
103315,1
103335,3
103339,3
103341,3
103366,1
103372,3
103384,3
103483,1
103539,3
103606,1
103624,1
103655,1
103688,3
103727,1
103755,1
103772,3
103801,1
103810,3
103849,1
103883,3
103980,3
103984,1
104074,1
104076,1
104078,1
104211,3
104218,1
104241,3
104243,3
104245,1
104272,1
104283,1
104303,1
104312,1
104337,1
104339,1
104374,3
104441,1
104457,1
104841,0
104863,1
104879,0
104881,1
104908,1
104913,3
104925,1
104944,3
105037,1
105197,3
105211,1
105213,3
105250,1
105355,3
105468,1
105504,3
105585,1
105593,1
105653,3
105731,1
105755,1
105769,1
105835,1
105844,0
105869,1
105954,1
106002,3
106011,1
106022,1
106030,1
106062,1
106072,0
106100,0
106330,1
106438,1
106441,1
106452,1
106487,0
106489,0
106491,1
106540,1
106696,0
106766,3
106782,0
106785,1
106841,1
106889,1
106916,3
106918,3
106920,0
107069,3
107141,3
107314,1
107348,3
107406,0
107412,1
107771,1
107883,1
108156,1
108188,1
108190,3
108689,1
108727,1
108729,3
108928,1
108932,0
108945,3
108977,1
108981,1
108983,1
109187,1
109243,1
109374,0
109483,1
109487,0
109569,1
109578,3
109633,1
109673,3
109740,1
109846,1
109848,3
109850,1
109864,1
109895,1
110102,0
110110,1
110127,3
110297,1
110407,1
110453,1
110501,3
110553,3
110586,1
110591,1
110655,1
110675,1
110730,3
110771,1
110809,1
110882,3
110968,1
111113,3
111235,1
111360,3
111362,0
111364,3
111375,1
111384,1
111387,1
111443,3
111617,1
111622,3
111659,3
111743,3
111759,0
111781,3
111921,3
112070,1
112087,1
112138,3
112171,3
112175,3
112183,0
112290,3
112334,1
112370,3
112421,1
112497,1
112552,0
112556,0
112582,1
112623,0
112727,1
112788,1
112804,1
112818,1
112852,0
112868,1
112897,1
112911,1
112940,1
113188,1
113225,1
113240,1
113252,1
113275,1
113345,3
113348,1
113378,1
113453,1
113573,3
113604,1
113705,1
113741,3
113780,1
113829,1
113862,1
114007,1
114028,1
114033,1
114060,1
114074,1
114180,3
114246,1
114265,1
114342,1
114439,1
114494,1
114552,1
114554,1
114601,1
114662,3
114670,1
114678,1
114713,1
114762,1
114795,1
114847,1
114935,3
115122,3
115147,1
115149,0
115170,1
115210,3
115231,1
115534,1
115569,0
115617,0
115664,1
115667,1
115680,1
115713,0
115881,1
116136,1
116138,1
116161,1
116397,1
116411,1
116797,0
116799,1
116823,0
116855,1
116887,1
116897,3
116905,1
116951,1
116977,1
117109,1
117176,3
117438,1
117444,1
117466,1
117529,0
117533,3
117549,1
117590,3
117851,1
117867,1
117871,1
117881,1
117887,3
117895,3
118082,1
118246,1
118696,0
118700,1
118702,1
118880,1
118888,1
118896,1
118898,1
118900,1
118930,1
118985,1
118997,1
119141,3
119145,0
119155,3
119655,1
120138,1
120466,3
120474,1
120478,1
120625,1
120635,1
120637,1
120799,3
120807,1
121231,3
122882,0
122884,1
122886,0
122890,3
122892,0
122896,3
122898,3
122900,0
122902,1
122904,0
122906,0
122910,3
122912,0
122914,0
122916,0
122918,0
122920,0
122922,0
122924,3
122926,0
124859,1
125914,1
125916,1
126090,1
126426,1
126430,1
126548,1
127052,1
127096,1
127098,1
127108,1
127114,1
127130,1
127136,1
127140,1
127146,1
127152,1
127178,1
127196,1
127198,1
127202,3
127212,1
127390,1
128360,0
128488,1
128512,1
128520,1
128606,1
128620,1
128838,1
128975,1
129354,3
129370,1
129428,1
129514,1
129659,1
129937,1
130073,1
130075,1
130087,1
130448,1
130450,1
130452,1
130490,3
130520,1
130576,1
130634,3
130636,1
130686,1
130840,1
130970,1
131013,1
131656,1
131724,1
131796,1
132046,3
132157,1
132424,1
132480,1
132660,1
132796,1
132961,1
133195,1
133419,3
133645,1
133712,1
133771,3
133798,1
133802,1
134130,0
134170,1
134214,1
134368,3
134393,3
134528,1
134783,1
134849,1
134853,0
134881,1
135133,3
135137,1
135141,1
135143,3
135288,1
135426,3
135436,3
135456,1
135518,1
135530,1
135532,1
135534,1
135536,3
135567,1
135569,3
135861,3
135885,1
135887,3
136016,1
136018,1
136020,3
136449,1
136469,1
136562,3
136564,1
136598,1
136602,1
136864,3
137337,1
137595,1
137857,3
138036,3
138208,1
138210,1
138212,1
138702,1
139120,1
139385,0
139415,1
139642,3
139644,0
139655,1
139747,1
139855,1
139857,1
140110,3
140162,1
140174,3
140247,3
140267,3
140523,1
140529,1
140711,1
140713,1
140715,3
140737,1
140816,1
140928,1
140956,3
141004,1
141408,1
141422,1
141544,1
141688,1
141749,1
141866,3
141890,1
142074,1
142115,1
142222,1
142420,1
142422,1
142448,3
142456,1
142488,0
142492,1
142507,1
142509,1
142536,1
142997,3
143245,1
143345,3
143347,3
143355,0
143365,1
143367,1
143385,3
143387,1
143476,1
143657,1
143859,3
143969,1
144482,1
144606,1
144620,1
144976,1
145150,1
145418,1
145839,1
145935,1
146309,1
146656,3
146688,1
148172,1
148238,1
148626,0
148652,1
148667,1
148671,3
148881,1
148888,1
148956,1
149334,3
149352,1
149354,1
149406,3
149830,1
151113,1
151315,1
151455,1
151639,1
151739,1
151759,1
151777,1
152017,1
152061,1
152063,1
152077,3
152079,1
152081,0
152083,1
152091,1
152591,1
152970,3
155064,1
155288,1
155509,1
155659,1
155820,1
155874,1
155968,1
156369,1
156371,1
156387,3
156605,1
156607,1
156609,1
156726,1
157122,1
157200,1
157296,3
157318,1
157338,1
157340,1
157361,1
157373,1
157498,1
157699,3
158238,3
158260,1
158528,1
158783,3
158813,1
158830,1
158872,3
158966,3
158972,1
159061,1
159093,3
159193,1
159195,1
159415,3
159441,1
159690,1
159717,1
159755,1
159817,3
159849,1
159858,3
159917,1
160080,3
160271,3
160289,1
160438,3
160563,1
160565,1
160567,1
160569,1
160571,1
160573,1
160718,3
160848,1
160954,1
160980,3
161127,1
161131,3
161354,1
161580,1
161582,3
161634,3
161922,3
161954,1
161956,1
161966,1
162082,3
162322,1
162350,3
162414,3
162478,1
162578,3
162590,1
162594,1
162598,3
162600,3
162602,1
162606,3
162738,1
162828,1
163056,1
163134,3
163645,3
163809,1
163937,1
163985,1
164175,1
164179,0
164200,1
164367,1
164411,1
164540,1
164821,1
164909,3
164917,1
164949,1
164981,1
165101,1
165103,1
165105,1
165141,1
165347,1
165549,3
165551,3
165603,1
165699,1
165937,1
165969,1
166024,3
166291,1
166461,3
166486,1
166492,1
166526,1
166528,0
166534,3
166558,1
166568,1
166635,3
166643,3
166705,1
166788,1
166918,1
166946,3
167018,1
167036,1
167064,1
167370,1
167380,1
167392,1
167544,1
167546,1
167570,1
167640,1
167738,1
167746,3
167832,1
168122,1
168248,3
168250,0
168252,0
168254,3
168266,1
168286,1
168288,1
168326,3
168328,1
168330,1
168344,1
168366,3
168418,1
168492,3
168498,1
168608,1
168610,1
168612,3
168712,1
169670,1
169764,1
169864,3
169900,1
169906,1
169982,1
169984,3
169992,1
170355,1
170357,1
170403,1
170629,1
170635,1
170645,1
170697,1
170705,3
170729,1
170745,1
170777,1
170813,1
170827,1
170875,3
170945,1
170957,1
171011,3
171253,1
171495,1
171749,1
171759,1
171763,0
171765,1
171867,1
172009,1
172547,1
173145,3
173197,1
173205,1
173209,1
173291,3
173369,1
173925,1
173939,1
173941,3
174055,0
174395,1
174487,1
174585,1
174727,3
174815,1
174909,3
175197,1
175199,1
175303,3
175475,1
175485,1
175569,3
175585,1
175659,1
175661,3
175667,1
175813,1
176101,3
176105,1
176355,1
176371,0
176419,3
176423,1
176567,1
176601,1
176603,1
176751,3
176801,1
176929,1
176933,1
176935,1
176937,1
177237,1
177497,1
177593,3
177607,1
177615,3
177651,3
177689,3
177763,3
177765,0
178061,3
178335,1
178521,1
178523,1
178613,1
178667,1
178827,1
179085,1
179119,3
179133,1
179135,1
179221,1
179247,1
179331,1
179401,3
179749,1
179817,3
179819,3
179881,1
180031,3
180045,3
180095,1
180231,1
180265,1
180297,3
180497,3
180985,3
180987,1
181315,3
181671,1
182637,1
182715,3
182723,1
182823,3
182825,1
183011,1
183295,1
183421,1
183423,1
183589,1
183611,3
183613,1
183619,1
183635,1
183701,1
183837,3
183843,1
183869,3
183897,3
184015,1
184017,1
184023,1
184253,1
184257,1
184399,1
184471,1
184721,1
184931,1
184987,1
184997,1
185001,1
185029,3
185031,1
185319,1
185473,1
185585,1
185927,1
186311,1
186587,1
186983,1
187031,3
187231,1
187501,1
187505,1
187531,1
187541,3
187593,0
187595,3
187601,1
187611,1
187613,1
187717,1
187723,1
187815,1
188189,3
188207,1
188301,3
188303,1
188307,1
188309,1
188383,1
188623,1
188749,1
188751,1
188773,1
188797,1
188829,1
188941,1
189041,1
189203,3
189241,1
189331,1
189333,3
189363,3
189713,3
189783,1
189805,1
189873,1
189885,1
190089,1
190551,1
190555,3
190939,1
191351,1
191367,1
191459,1
191469,1
191483,1
191489,1
191799,1
191869,1
192045,1
192245,3
192283,3
192307,1
192379,3
192381,1
192383,1
192385,3
192389,3
192551,1
192559,1
192579,1
192803,3
192997,1
193041,1
193065,1
193147,1
193449,1
193477,1
193599,1
193697,1
193942,1
193944,3
193950,1
193956,1
193958,1
194004,1
194016,3
194074,1
194348,1
194396,1
194400,1
194448,3
194664,1
194947,1
194951,3
195159,0
195161,1
195163,1
195167,1
195209,1
195295,1
195497,3
195777,1
195823,1
195921,1
196067,1
196223,1
196417,1
196889,3
196891,1
196893,1
196997,3
197175,3
197197,1
197199,1
197201,1
197203,1
197207,1
197343,1
197529,1
197537,1
197651,1
197663,1
197689,1
197691,1
197711,3
197875,1
197877,1
197879,1
197883,1
197885,1
198147,1
198151,1
198185,1
199223,1
199974,1
200256,1
200306,3
200322,1
200332,1
200354,1
200540,3
200818,3
200820,1
200822,1
200824,1
200838,1
200938,1
201340,3
201368,1
201586,1
201588,3
201594,1
201646,3
201737,1
201749,1
201773,3
201811,1
202101,1
202103,1
202155,1
202159,1
202237,1
202393,1
202429,3
202439,0
202575,1
202749,1
202934,1
203160,1
203208,1
203218,1
203222,1
203244,1
203322,1
203375,3
203513,1
203519,1
203934,1
204152,1
204158,1
204268,1
204352,3
204542,1
204686,1
204692,1
204694,1
204698,0
204704,1
204878,1
205054,1
205072,3
205076,1
205156,3
205287,1
205297,1
205303,1
205327,1
205383,3
205425,1
205441,3
205545,1
205661,1
206246,1
206419,1
206449,1
206451,1
206499,1
206805,1
206845,1
206857,3
206899,1
206959,1
207233,1
207309,1
207311,1
207313,0
207405,1
207830,1
208108,1
208205,3
208207,1
208289,1
208469,1
208621,1
208703,3
208737,1
208773,1
208939,1
209173,1
209315,3
209497,1
209917,1
209965,3
210175,1
210271,1
210569,1
210573,1
210577,1
210847,1
210851,1
210859,1
210861,3
210865,1
210867,1
212074,1
212281,1
212361,1
212371,1
212373,1
212461,3
212587,1
213207,1
213347,1
213397,1
213892,1
213914,1
214776,1
215353,1
215527,1
216402,1
216937,1
216963,1
217465,3
217655,1
218537,3
219015,1
219726,1
219994,1
220380,1
220528,1
220792,1
221576,1
221886,1
222011,1
222137,1
222455,1
222477,1
222593,1
223204,1
223876,1
223944,1
224052,1
224220,1
224262,1
224264,1
224280,3
224324,1
224943,1
225145,1
225173,3
225625,1
225758,1
225776,1
225970,1
225984,1
226202,3
226270,3
227258,1
228099,1
228563,1
231057,1
233555,1
233661,1
233953,1
233993,1
236991,1
237227,1
237372,1
240452,1
241272,3
242204,1
242774,1
242894,1
242906,1
243642,1
244178,1
244334,1
247988,1
248912,1
249540,1
249964,1
250010,1
250968,1
251086,3
251234,1
251606,1
252180,1
252590,1
252930,1
253138,1
253690,1
254460,1
254726,3
255335,3
255337,1
255655,1
257037,1
257751,1
258451,1
258929,1
259659,1
259665,1
260243,1
260617,1
260665,1
260667,1
261131,1
261275,1
261705,1
261759,1
263005,1
263007,3
263009,1
263405,1
263407,3
263481,1
263973,1
265148,1
265460,1
267456,1
268642,3
268732,1
269226,1
269426,1
269638,1
269820,1
269872,1
270526,1
270696,1
270698,3
271232,1
271865,1
271917,1
272135,1
272417,1
272525,1
273133,1
273891,1
274053,3
274195,1
274197,1
274971,1
275167,1
275243,1
275245,1
275467,1
275503,1
276249,1
276897,1
276929,1
277066,1
277856,1
278176,1
278312,1
278446,1
278578,1
278586,1
278702,3
278794,1
278980,1
279182,1
279412,1
279414,1
279812,1
280100,1
280218,1
280868,1
281096,1
281190,1
282125,1
282147,1
282161,1
283873,1
285301,1
285593,1
285851,1
286131,1
286897,1
287633,1
287699,1
288265,1
288513,1
